{
	"database":
	{
		"nowait": true,
		"type": "oracle",
		"test": "select * from dual",
		"jdbc": "jdbc:oracle:thin:[username]/[password]@tcp://localhost:1521/xepdb1"
	}
	,
	"repository":
	{
		"path": "./repo/oracle"
	}
	,
	"resultset":
	{
		"compact": false,
		"dateformat": null
	}
	,
	"savepoints":
	{
		"post": false,
		"patch": true,
		"delete": true
	}
	,
	"interceptors":
	{
		"rewrite.class" : null,
		"validator.class": null
	}
	,
	"pools":
	{
		"proxy":
		{
			"min": 5,
			"max": 500,
			"idle": 10,
			"busy": 10,
			"username": "hrproxy",
			"password": "hrproxy",
			"auth.secret": "10c3c323-ae10-4204-85e5-50822e6ee63d"
		}
		,
		"fixed":
		{
			"min": 5,
			"max": 500,
			"idle": 10,
			"busy": 10,
			"username": "hr",
			"password": "hr",
			"auth.secret": "11c3c323-ae10-4204-85e5-50822e6ee63e"
		}
	}
}
