{
	"instance"		: "ordb01",
	"database"		: "oracle",
	"topology"		: "standalone"
	,
	"session":
	{
		"ses.dump": 600,
		"sso.timeout": 20,
		"ses.timeout": 120
	}
	,
	"files":
	{
		"files.root": "./files",
		"files.tmpnames": false
	}
	,
	"security":
	{
		"access" :
		{
			"check": 10,
			"files": ["./conf/sources.json"]
		}
		,
		"identity":
		{
			"type"		: "pkcs12",
			"alias"		: "demo",
			"keystore"	: "./security/demo.p12",
			"password"	: "Manager1"
		}
		,
		"trust":
		{
			"type"		: "pkcs12",
			"keystore"	: "./security/trust.p12",
			"password"	: "Manager1"
		}
		,
		"authenticators":
		{
			"database" : true,
			"pool-tokens" : true,

			"custom" :
			[
				{
					"name" : "CustomAuthenticator",
					"class" : "package.CustomAuthenticator",
					"enabled" : false
				}
			]
		}
		,
		"shared_secret" : "e448a598-9833-4732-8616-e6960a83c50c"
	}
	,
	"http":
	{
		"Host": null,
		"KeepAlive": 10
		,
		"ports":
		{
			"ssl"			: 9001,
			"plain"			: 9002,
			"admin"			: 9003,
			"ssl.redirect" 	: false
		}
		,
		"security":
		{
			"Cors-Allow-Domains": "localhost,127.0.0.1"
		}
		,
		"deployment":
		{
			"path": "./app",
			"grace.period" : 2
		}
		,
		"virtual-path":
		{
			"endpoint": "/index.html"
		}
		,
		"handlers":
		[
			{"class" : "database.json.handlers.FileHandler", "url" : "/", "methods" :  "GET"},
			{"class" : "database.json.handlers.AppFileHandler", "url" : "/files", "methods" :  "GET, PUT, POST"},
			{"class" : "database.json.handlers.JSONHandler", "url" : "/", "methods" :  "POST, PATCH, DELETE, OPTIONS"}
		]
		,
		"cache":
		[
			{"pattern": "*.js", "maxsize": 1048576},
			{"pattern": "*.html", "maxsize": 1048576}
		]
		,
		"compression":
		[
			{"pattern": "*.js", "minsize": 1024},
			{"pattern": "*.html", "minsize": 1024}
		]
		,
		"mimetypes":
		[
			{"ext": "css", "type": "text/css"},

			{"ext": "txt", "type": "text/plain"},
			{"ext": "text", "type": "text/plain"},

			{"ext": "htm", "type": "text/html"},
			{"ext": "html", "type": "text/html"},

			{"ext": "gif", "type": "image/gif"},
			{"ext": "png", "type": "image/png"},
			{"ext": "jpg", "type": "image/jpeg"},
			{"ext": "jpeg", "type": "image/jpeg"},

			{"ext": "js", "type": "text/javascript"},
			{"ext": "json", "type": "application/json"}
		]
		,
		"buffers":
		{
			"network": 4094
		}
	}
	,
	"logger":
	{
		"http"		: "info",
		"json"		: "fine",
		"internal"	: "info",

		"files"	: 10,
		"size"	: "1MB",
		"path" 	: "./logs"
	}
}
