{
   "access":
   {
      "unsigned": true,
      "trustees":
      [
         {"name": "Tester", "signature": "testers's signature"}
      ]
   }
   ,
   "functions":
   [
      {
         "id": "getCountry",
         "name": "getCountry",
         "comment": "Use 'name' if 'id' differs from 'id'"
      }
   ]
   ,
   "procedures":
   [
      {
         "id": "getSalaryLimit",
         "name": "getSalaryLimit",
         "comment": "Use 'name' if 'id' differs from 'id'"
      }
   ]
   ,
   "sql":
   [
      {
         "id": "getAllCountries",
         "sql":
         [
            "select *",
            "from countries",
            "where country_id like :country_id"
         ]
      }
      ,
      {
         "id": "alter session",
         "sql": "alter session set NLS_DATE_FORMAT = 'DD-MON-RR'"
      }
   ]
   ,
   "comment":
   [
      "For datasources, the element 'limit' can be either of the following:",

      "none       : Where-clause is not required",
      "restricted : Where-clause is required and only 'and' clauses is allowed at top level",
      "singlerow  : Where-clause must match the primary key exactly. This is the default value",

      "The 'limit' element can be set at the select, update, and delete element"
   ]
   ,
   "datasources":
   [
      {
         "id": "countries",
         "table": "countries",
         "order": "country_id",
         "primarykey" : "country_id, country_name",
         "insert": {"accept": true},
         "update": {"accept": true},
         "delete": {"accept": true},
         "select": {"accept": true, "limit": "singlerow"}
      }
      ,
      {
         "id": "locations",
         "table": "locations",
         "order": "loc_id",
         "primarykey" : "loc_id",
         "insert": {"accept": true},
         "update": {"accept": true},
         "delete": {"accept": true},
         "select": {"accept": true, "limit": "none"}
      }
      ,
      {
         "id": "departments",
         "table": "departments",
         "order": "department_id",
         "primarykey" : "department_id",
         "insert": {"accept": true},
         "update": {"accept": true},
         "delete": {"accept": true},
         "select": {"accept": true, "limit": "none"}
      }
      ,
      {
         "id": "country_view",
         "table" : "countries",
         "primarykey" : "country_id",

         "derived" : "inhabitants, regent",

         "query":
         [
            "select country_id, country_name, 4500 as inhabitants, 'Alex' as regent",
            "from countries"
         ],

         "select": {"accept": true, "limit": "none"},
         "insert": {"accept": true},
         "update": {"accept": true},
         "delete": {"accept": true}
      }
   ]
}